{"noiseKey":{"private":{"type":"Buffer","data":"EPP5a6LFCR70DtiqD6DX7JCvdNl5t0cgcdNTWvLrsFk="},"public":{"type":"Buffer","data":"/rmnj7W1b+XEZXRbOt51CFdRqpwYs1VlSwWbUQxsJR4="}},"pairingEphemeralKeyPair":{"private":{"type":"Buffer","data":"yGP+3IQ6pO+57kdYEzEbbObHU/NPE/YfgBhHSF3XvFM="},"public":{"type":"Buffer","data":"kD40XVC5bmhhR/73lspmrJbalVxWRkwrDltmqWPGNBk="}},"signedIdentityKey":{"private":{"type":"Buffer","data":"uMMDBuGEaLWU9e9Ti5FDW+Mx+blczd/Q/qWNWqsL82g="},"public":{"type":"Buffer","data":"SE1orSqkrQ6YCXModJQkngKVUaqFaTT9KA5SsCGSWy4="}},"signedPreKey":{"keyPair":{"private":{"type":"Buffer","data":"AIcVZsiQD8+vqwrZYfaPy84inAw82fQVX7tYCOCpFGs="},"public":{"type":"Buffer","data":"iGmjMMc66IVcNQeftIYnuzZdNgnot9hDbaqNtEhWnHc="}},"signature":{"type":"Buffer","data":"4upl/WfxS2z4QEd5bqA6Dm5iYz5iPj3+NsPFSLzCXxS0Q5I8wSPoBu3k083KknAU3xiaxYKSo9kQAJEhCNNdgA=="},"keyId":1},"registrationId":110,"advSecretKey":"a5lYbHnxRt28HGVPtsCwozFm6jnYNcJuxagnI9pavwU=","processedHistoryMessages":[{"key":{"remoteJid":"919650985680@s.whatsapp.net","fromMe":true,"id":"968F71B4FA30C1B3648F42FAE657DE3D"},"messageTimestamp":1723828949},{"key":{"remoteJid":"919650985680@s.whatsapp.net","fromMe":true,"id":"E4B083ED943BF59C9403C48124473B59"},"messageTimestamp":1723828950}],"nextPreKeyId":31,"firstUnuploadedPreKeyId":31,"accountSyncCounter":1,"accountSettings":{"unarchiveChats":false},"deviceId":"eOBDxxN_RiyGB40WqH_X4A","phoneId":"c2f8bf62-dfae-48e2-99b4-00dc2a10c644","identityId":{"type":"Buffer","data":"t7nhSEdqa0i0eFjJPfOv/tDQ660="},"registered":true,"backupToken":{"type":"Buffer","data":"4qskNoQpbkTb1VD5dCH8ZRB8Em0="},"registration":{},"pairingCode":"BW4W93FE","me":{"id":"919650985680:9@s.whatsapp.net","lid":"170983134597190:9@lid","name":"VC BOT"},"account":{"details":"CLbUop8CEMWV/rUGGAIgACgA","accountSignatureKey":"pZFkezL1za2lmnSbm3fXQGpoA6NuhnkEDdhvauNYDSo=","accountSignature":"YvvT+m7LqAz2fRcDxmrWL+XkiNOzLp0c/HMnO+61sHzXrhePedeXEd6+MSSeQ0lAK7Ee1KmrQX0GbjD3sf/kCg==","deviceSignature":"BaezPtJTyq8zXL0tmMNF9RGcvgG3iDPquuv7CL7Eo9h1zI9DOZYPCMkY8tOgubSk+mw8oDfZ+LszUf4vzZFjiQ=="},"signalIdentities":[{"identifier":{"name":"919650985680:9@s.whatsapp.net","deviceId":0},"identifierKey":{"type":"Buffer","data":"BaWRZHsy9c2tpZp0m5t310BqaAOjboZ5BA3Yb2rjWA0q"}}],"platform":"android","routingInfo":{"type":"Buffer","data":"CA0ICA=="},"lastAccountSyncTimestamp":1723828946,"lastPropHash":"2R2lCo","myAppStateKeyId":"AAAAAIy0"}
